<profile version="1.0">
  <option name="myName" value="Default" />
  <inspection_tool class="PyPackageRequirementsInspection" enabled="true" level="WARNING" enabled_by_default="true">
    <option name="ignoredPackages">
      <value>
        <list size="24">
          <item index="0" class="java.lang.String" itemvalue="pycryptodomex" />
          <item index="1" class="java.lang.String" itemvalue="pysnmp" />
          <item index="2" class="java.lang.String" itemvalue="singleton_meta" />
          <item index="3" class="java.lang.String" itemvalue="dummy-module" />
          <item index="4" class="java.lang.String" itemvalue="cli-user" />
          <item index="5" class="java.lang.String" itemvalue="requirements-checker" />
          <item index="6" class="java.lang.String" itemvalue="pyyaml" />
          <item index="7" class="java.lang.String" itemvalue="pytest" />
          <item index="8" class="java.lang.String" itemvalue="pytest-aiohttp" />
          <item index="9" class="java.lang.String" itemvalue="marshmallow" />
          <item index="10" class="java.lang.String" itemvalue="cryptography" />
          <item index="11" class="java.lang.String" itemvalue="aiohttp-apispec" />
          <item index="12" class="java.lang.String" itemvalue="aiohttp-session" />
          <item index="13" class="java.lang.String" itemvalue="markupsafe" />
          <item index="14" class="java.lang.String" itemvalue="server-templates" />
          <item index="15" class="java.lang.String" itemvalue="PyYAML" />
          <item index="16" class="java.lang.String" itemvalue="singleton-meta" />
          <item index="17" class="java.lang.String" itemvalue="pyqt-templates" />
          <item index="18" class="java.lang.String" itemvalue="smbus2" />
          <item index="19" class="java.lang.String" itemvalue="pyserial" />
          <item index="20" class="java.lang.String" itemvalue="private-values" />
          <item index="21" class="java.lang.String" itemvalue="object-info" />
          <item index="22" class="java.lang.String" itemvalue="funcs-aux" />
          <item index="23" class="java.lang.String" itemvalue="bus-user" />
        </list>
      </value>
    </option>
  </inspection_tool>
  <inspection_tool class="PyStubPackagesAdvertiser" enabled="true" level="WARNING" enabled_by_default="true">
    <option name="ignoredPackages">
      <list>
        <option value="PyQt5-stubs==5.15.6.0" />
      </list>
    </option>
  </inspection_tool>
</profile>