<application>
  <component name="FileTypeManager" version="19">
    <ignoreFiles list="*$py.class;*.pyc;*.pyo;*.rbc;*.yarb;*~;.DS_Store;.git;.hg;.mypy_cache;.pytest_cache;.ruff_cache;.svn;CVS;__pycache__;_svn;vssver.scc;vssver2.scc" />
    <extensionMap>
      <mapping pattern="robot_strategy_1" type="AUTO_DETECTED" />
      <mapping ext="mq5" type="C++" />
      <removed_mapping ext="csv" approved="true" type="CSV" />
      <removed_mapping ext="csv" approved="true" type="PLAIN_TEXT" />
      <removed_mapping pattern="_0=add_examples.py" approved="true" type="AUTO_DETECTED" />
      <mapping ext="mq5" type="C++" />
    </extensionMap>
  </component>
</application>