<profile version="1.0">
  <option name="myName" value="Default" />
  <inspection_tool class="PyPackageRequirementsInspection" enabled="true" level="WARNING" enabled_by_default="true">
    <option name="ignoredPackages">
      <value>
        <list size="2">
          <item index="0" class="java.lang.String" itemvalue="pycryptodomex" />
          <item index="1" class="java.lang.String" itemvalue="pysnmp" />
        </list>
      </value>
    </option>
  </inspection_tool>
  <inspection_tool class="PyStubPackagesAdvertiser" enabled="true" level="WARNING" enabled_by_default="true">
    <option name="ignoredPackages">
      <list>
        <option value="PyQt5-stubs==5.15.6.0" />
      </list>
    </option>
  </inspection_tool>
</profile>